Quarter,Competitor Code,Market Share %,Scope,Market Code
FY24-Q1,COMP-17,24.1,Energy Tech,MKT-41
FY24-Q1,NovaGrid,22.4,Energy Tech,MKT-41
FY24-Q1,VoltAxis,11.0,Energy Tech,MKT-41
FY24-Q1,EnerLink,8.6,Energy Tech,MKT-41
FY24-Q1,PowerMesh,6.7,Energy Tech,MKT-41
FY24-Q1,HomePulse,5.4,Energy Tech,MKT-41
FY24-Q2,COMP-17,23.92,Energy Tech,MKT-41
FY24-Q2,NovaGrid,22.1,Energy Tech,MKT-41
FY24-Q2,VoltAxis,11.3,Energy Tech,MKT-41
FY24-Q2,EnerLink,8.8,Energy Tech,MKT-41
FY24-Q2,PowerMesh,6.8,Energy Tech,MKT-41
FY24-Q2,HomePulse,5.5,Energy Tech,MKT-41
FY24-Q3,COMP-17,23.74,Energy Tech,MKT-41
FY24-Q3,NovaGrid,21.9,Energy Tech,MKT-41
FY24-Q3,VoltAxis,11.7,Energy Tech,MKT-41
FY24-Q3,EnerLink,9.0,Energy Tech,MKT-41
FY24-Q3,PowerMesh,6.9,Energy Tech,MKT-41
FY24-Q3,HomePulse,5.7,Energy Tech,MKT-41
FY24-Q4,COMP-17,23.56,Energy Tech,MKT-41
FY24-Q4,NovaGrid,21.6,Energy Tech,MKT-41
FY24-Q4,VoltAxis,12.0,Energy Tech,MKT-41
FY24-Q4,EnerLink,9.2,Energy Tech,MKT-41
FY24-Q4,PowerMesh,7.1,Energy Tech,MKT-41
FY24-Q4,HomePulse,5.9,Energy Tech,MKT-41
FY25-Q1,COMP-17,23.38,Energy Tech,MKT-41
FY25-Q1,NovaGrid,21.3,Energy Tech,MKT-41
FY25-Q1,VoltAxis,12.4,Energy Tech,MKT-41
FY25-Q1,EnerLink,9.4,Energy Tech,MKT-41
FY25-Q1,PowerMesh,7.3,Energy Tech,MKT-41
FY25-Q1,HomePulse,6.0,Energy Tech,MKT-41
FY25-Q2,COMP-17,23.2,Energy Tech,MKT-41
FY25-Q2,NovaGrid,21.0,Energy Tech,MKT-41
FY25-Q2,VoltAxis,12.8,Energy Tech,MKT-41
FY25-Q2,EnerLink,9.7,Energy Tech,MKT-41
FY25-Q2,PowerMesh,7.6,Energy Tech,MKT-41
FY25-Q2,HomePulse,6.2,Energy Tech,MKT-41
FY25-Q3,COMP-17,23.02,Energy Tech,MKT-41
FY25-Q3,NovaGrid,20.8,Energy Tech,MKT-41
FY25-Q3,VoltAxis,13.1,Energy Tech,MKT-41
FY25-Q3,EnerLink,10.0,Energy Tech,MKT-41
FY25-Q3,PowerMesh,7.8,Energy Tech,MKT-41
FY25-Q3,HomePulse,6.4,Energy Tech,MKT-41
FY25-Q4,COMP-17,22.84,Energy Tech,MKT-41
FY25-Q4,NovaGrid,20.4,Energy Tech,MKT-41
FY25-Q4,VoltAxis,13.5,Energy Tech,MKT-41
FY25-Q4,EnerLink,10.2,Energy Tech,MKT-41
FY25-Q4,PowerMesh,8.1,Energy Tech,MKT-41
FY25-Q4,HomePulse,6.6,Energy Tech,MKT-41
FY26-Q1,COMP-17,22.66,Energy Tech,MKT-41
FY26-Q1,NovaGrid,20.1,Energy Tech,MKT-41
FY26-Q1,VoltAxis,13.9,Energy Tech,MKT-41
FY26-Q1,EnerLink,10.5,Energy Tech,MKT-41
FY26-Q1,PowerMesh,8.3,Energy Tech,MKT-41
FY26-Q1,HomePulse,6.7,Energy Tech,MKT-41
FY26-Q2,COMP-17,22.48,Energy Tech,MKT-41
FY26-Q2,NovaGrid,19.8,Energy Tech,MKT-41
FY26-Q2,VoltAxis,14.3,Energy Tech,MKT-41
FY26-Q2,EnerLink,10.8,Energy Tech,MKT-41
FY26-Q2,PowerMesh,8.6,Energy Tech,MKT-41
FY26-Q2,HomePulse,6.9,Energy Tech,MKT-41
FY26-Q3,COMP-17,22.3,Energy Tech,MKT-41
FY26-Q3,NovaGrid,19.5,Energy Tech,MKT-41
FY26-Q3,VoltAxis,14.7,Energy Tech,MKT-41
FY26-Q3,EnerLink,11.1,Energy Tech,MKT-41
FY26-Q3,PowerMesh,8.9,Energy Tech,MKT-41
FY26-Q3,HomePulse,7.1,Energy Tech,MKT-41
FY26-Q4,COMP-17,22.12,Energy Tech,MKT-41
FY26-Q4,NovaGrid,19.2,Energy Tech,MKT-41
FY26-Q4,VoltAxis,15.1,Energy Tech,MKT-41
FY26-Q4,EnerLink,11.4,Energy Tech,MKT-41
FY26-Q4,PowerMesh,9.2,Energy Tech,MKT-41
FY26-Q4,HomePulse,7.2,Energy Tech,MKT-41
