Project ID,Project Name,Year,R&D Spend INR Cr,Engineers Assigned,Patents/Filings,FY26 Revenue Linked INR Cr
EV-35,Localized EV Platform,2026,2480,42,7,650
ADAS-07,ADAS Localization,2026,960,9,3,530
CONN-21,Connected Cockpit,2025,740,24,4,1280
ICE-18,Next-gen Turbo Powertrain,2025,690,45,6,2450
HYB-11,Hybrid Tooling,2026,515,10,3,1820
BODY-12,Lightweight Structures,2026,430,46,8,910
SOFT-31,Digital Services Stack,2026,360,30,13,410
QC-09,Quality Analytics,2026,210,58,7,660
BAT-44,Battery Thermal Control,2026,820,35,11,720
SAFE-15,Passive Safety Refresh,2025,390,40,3,1580
RND-11,Material Localization,2026,131.2,31,1,179.2
RND-12,Warranty AI,2026,369.7,16,6,1979.9
RND-13,Material Localization,2024,495.5,43,6,1940.7
RND-14,Seat Architecture,2026,472.0,30,6,1109.3
RND-15,Material Localization,2026,181.9,30,11,345.8
RND-16,Material Localization,2026,399.1,40,5,439.8
RND-17,Material Localization,2026,440.2,17,7,700.8
RND-18,EV Charging Interface,2026,354.3,32,11,1024.6
RND-19,Paint Efficiency,2026,267.1,14,11,1901.4
RND-20,Seat Architecture,2025,287.4,25,2,1362.2
RND-21,Paint Efficiency,2026,189.0,13,1,1711.2
RND-22,NVH Upgrade,2024,512.3,8,8,1318.7
RND-23,Material Localization,2026,316.3,28,8,1533.9
RND-24,Material Localization,2024,110.8,10,7,1472.1
RND-25,Paint Efficiency,2024,426.0,33,1,1488.8
RND-26,Warranty AI,2024,480.4,12,8,333.9
RND-27,Warranty AI,2026,325.8,32,10,1999.6
RND-28,Warranty AI,2025,438.7,14,12,1191.2
RND-29,Dealer Analytics,2025,164.4,44,5,587.0
RND-30,Warranty AI,2025,340.8,8,12,641.9
RND-31,ADAS Validation,2024,170.4,38,2,732.6
RND-32,Fleet Telematics,2024,151.0,17,2,1484.8
RND-33,Material Localization,2025,198.8,7,4,1026.5
RND-34,Material Localization,2025,474.3,5,10,1264.0
RND-35,Material Localization,2025,42.8,28,7,797.0
RND-36,Warranty AI,2026,392.6,18,8,1697.7
RND-37,Paint Efficiency,2025,249.2,25,11,148.3
RND-38,Material Localization,2026,119.2,12,10,1029.5
RND-39,Warranty AI,2024,475.3,5,2,1279.7
RND-40,Material Localization,2024,456.1,20,7,455.3
RND-41,Powertrain Calibration,2024,258.3,28,5,768.4
RND-42,Material Localization,2025,440.8,38,1,1035.3
RND-43,Powertrain Calibration,2024,352.1,45,1,1660.3
RND-44,NVH Upgrade,2024,135.7,13,4,131.0
RND-45,Fleet Telematics,2025,361.3,17,8,1223.6
RND-46,ADAS Validation,2025,120.5,11,3,1310.6
RND-47,ADAS Validation,2024,317.8,40,11,1957.1
RND-48,Material Localization,2025,491.9,41,12,488.6
RND-49,Paint Efficiency,2024,374.7,42,2,696.2
RND-50,EV Charging Interface,2024,206.7,27,2,951.0
RND-51,Warranty AI,2026,203.8,35,2,1797.6
RND-52,Material Localization,2025,345.1,13,7,1755.7
RND-53,Fleet Telematics,2026,290.4,43,9,1397.4
RND-54,Dealer Analytics,2025,249.1,21,6,1559.4
RND-55,Paint Efficiency,2024,173.9,33,10,996.1
